Tc(K),  Pressure(GPa)
24.658325312800745, 2.9596412556053906
38.74879692011547, 11.210762331838563
30.202117420596696, 4.5067264573991075
